id;productname;codeproduct;version
1;iterate Handmade Plastic Shoes Strategist;Home EXE e-services;Chicken Nebraska Intelligent Cotton Fish
2;impactful;Frozen;Texas
3;Handcrafted Intranet Directives;Organized THX;Japan
4;RAM;invoice EXE transform;Bacon
5;attitude-oriented Pa'anga;Paradigm Yuan Renminbi;deposit
6;Florida;mobile 1080p neural;Representative
7;dot-com;generate;Borders North Carolina District
8;Ergonomic;National payment Music;Cambridgeshire withdrawal Auto Loan Account
9;array interface;orchid Dale Saint Martin;array port Generic Wooden Sausages
10;transform Associate;District;content Berkshire
